{
    "renderOrder" : 
    [
        {
            "renderType" : "kCustomShader",
            "renderId" : "segment_body",
            "lsRenderTarget" : 
            {
                "s_texColor1" : "RenderTarget",
                "s_texColor2" : "RenderTarget2"
            },
            "uniform":
            {
                "bg_blur_value":
                [
                    25.0,
                    0.0,
                    0.0,
                    0.0
                ],
                "tex_rect":
                [
                    0.0,
                    0.0,
                    720.0,
                    1280.0
                ]
            },
            "vertexPath" : "vs_simple.bin",
            "fragmentPath" : "fs_custom.bin"
        }
    ]
}
