{
    "renderOrder": [
        {
            "renderType": "kCustomShader",
            "renderId": "chromakey",
            "uniform": {
                "key_color": [
                    0.0,
                    0.0,
                    0.0,
                    0.0
                ],
                "tex_rect":[
                    0.0,
                    0.0,
                    720.0,
                    1280.0
                ]
            },
            "vertexPath": "vs_simple.bin",
            "fragmentPath": "fs_chromakey.bin"
        }
    ]
}
